{
    "mean": [
        0.09277362772966631,
        -4.321463030358463,
        0.2684048844435894,
        -0.008688244288186155,
        0.006474270097882585,
        0.006289471533508732
    ],
    "scale": [
        5.564611892674063,
        8.13035166791236,
        4.945174800306382,
        1.455770664344805,
        1.8081103202414388,
        1.2292817624824024
    ]
}