{
    "mean": [
        0.3121231837732933,
        -2.154075540234571,
        -0.09365787239187627,
        -0.004950842969794141,
        -0.008263942339112413,
        -0.00535778162753999
    ],
    "scale": [
        6.032549893738887,
        8.393084725089047,
        4.593287266072643,
        1.2547045938105494,
        1.4567670602039426,
        1.0179044944479998
    ]
}