{
    "keras_accuracy": 0.9956493973731995,
    "tflite_accuracy": 0.9944369160544897,
    "kappa_keras": 0.9943847929330146,
    "kappa_tflite": 0.9928198991602483,
    "mcc_keras": 0.9943872109535128,
    "mcc_tflite": 0.9928246073162724,
    "balanced_accuracy_keras": 0.9960992283478974,
    "balanced_accuracy_tflite": 0.9949696602415854,
    "top2_accuracy_keras": 0.9995007488766849,
    "top2_accuracy_tflite": 0.99900149775337,
    "auc_keras_per_class": {
        "A": 0.99998160819063,
        "B": 0.9999998446484563,
        "C": 0.9999959668551591,
        "D": 0.9998731863123286,
        "E": 0.9998024627139698
    },
    "ap_keras_per_class": {
        "A": 0.9999561791276884,
        "B": 0.999999402506235,
        "C": 0.9999483315278643,
        "D": 0.999540446515184,
        "E": 0.9992938947070502
    },
    "auc_tflite_per_class": {
        "A": 0.9993014185936964,
        "B": 0.9999998135781475,
        "C": 0.9999952439329707,
        "D": 0.9997710987291175,
        "E": 0.9995033507718496
    },
    "ap_tflite_per_class": {
        "A": 0.9992921692658697,
        "B": 0.9999992832302876,
        "C": 0.999936895697236,
        "D": 0.9989099271649914,
        "E": 0.9978628790084436
    },
    "auc_keras_macro": 0.9999306137441089,
    "auc_tflite_macro": 0.9997141851211563,
    "per_class_keras": {
        "A": {
            "precision": 0.9987745098039216,
            "recall": 0.9941449133935106,
            "f1": 0.9964543342706932,
            "support": 4099
        },
        "B": {
            "precision": 0.9996539792387543,
            "recall": 0.9989626556016598,
            "f1": 0.9993081978554134,
            "support": 2892
        },
        "C": {
            "precision": 0.9921259842519685,
            "recall": 0.998019801980198,
            "f1": 0.9950641658440277,
            "support": 1010
        },
        "D": {
            "precision": 0.9943465247755238,
            "recall": 0.9933554817275747,
            "f1": 0.9938507561907928,
            "support": 3010
        },
        "E": {
            "precision": 0.9900924702774109,
            "recall": 0.9960132890365448,
            "f1": 0.9930440543226234,
            "support": 3010
        }
    },
    "per_class_tflite": {
        "A": {
            "precision": 0.9987745098039216,
            "recall": 0.9941449133935106,
            "f1": 0.9964543342706932,
            "support": 4099
        },
        "B": {
            "precision": 0.9996539792387543,
            "recall": 0.9989626556016598,
            "f1": 0.9993081978554134,
            "support": 2892
        },
        "C": {
            "precision": 0.9921259842519685,
            "recall": 0.998019801980198,
            "f1": 0.9950641658440277,
            "support": 1010
        },
        "D": {
            "precision": 0.9933244325767691,
            "recall": 0.988704318936877,
            "f1": 0.991008991008991,
            "support": 3010
        },
        "E": {
            "precision": 0.9855215531424811,
            "recall": 0.9950166112956811,
            "f1": 0.9902463217060671,
            "support": 3010
        }
    }
}