{
    "mean": [
        0.11404028979005405,
        -4.599290358483016,
        0.30079345158279813,
        0.004711000693446088,
        0.023928901018289914,
        -0.005287102024807739
    ],
    "scale": [
        5.483070056865839,
        8.047689917959385,
        4.902097844542903,
        1.477931397195712,
        1.8174443411835173,
        1.2401538959237428
    ]
}