{
    "A": {
        "precision": 1.0,
        "recall": 0.12257281553398058,
        "f1-score": 0.21837837837837837,
        "support": 824.0
    },
    "B": {
        "precision": 0.9992792792792793,
        "recall": 0.9788210377691493,
        "f1-score": 0.988944365192582,
        "support": 2833.0
    },
    "C": {
        "precision": 0.0,
        "recall": 0.0,
        "f1-score": 0.0,
        "support": 0.0
    },
    "D": {
        "precision": 0.9668850072780204,
        "recall": 0.8657543173672206,
        "f1-score": 0.913529310641224,
        "support": 3069.0
    },
    "E": {
        "precision": 0.8794326241134752,
        "recall": 0.9696969696969697,
        "f1-score": 0.9223616922361693,
        "support": 3069.0
    },
    "accuracy": 0.868504338948443,
    "macro avg": {
        "precision": 0.769119382134155,
        "recall": 0.587369028073464,
        "f1-score": 0.6086427492896707,
        "support": 9795.0
    },
    "weighted avg": {
        "precision": 0.9516393066808267,
        "recall": 0.868504338948443,
        "f1-score": 0.8796296741403867,
        "support": 9795.0
    }
}